count,from,to,timeframe,start,end
1,antoniomaluge,sinae_oficial,1,2020-06-16 19:18:44,2020-06-17 14:47:05
2,amboro2000,elpotosinet,2,2020-06-16 19:18:50,2020-06-17 14:47:05
3,ndecano,sinae_oficial,3,2020-06-16 19:18:55,2020-06-17 14:47:05
4,televisionuy,vtvnoticiasuy,4,2020-06-16 19:19:39,2020-06-17 14:47:05
5,televisionuy,vtvuruguay,4,2020-06-16 19:19:39,2020-06-17 14:47:05
6,vivmilano,sinae_oficial,5,2020-06-16 19:21:32,2020-06-17 14:47:05
7,teresit36633444,vtvnoticiasuy,6,2020-06-16 19:21:33,2020-06-17 14:47:05
8,teresit36633444,vtvuruguay,6,2020-06-16 19:21:33,2020-06-17 14:47:05
9,verocab,meriparrado,7,2020-06-16 19:22:06,2020-06-17 14:47:05
10,verocab,carasycaretasuy,7,2020-06-16 19:22:06,2020-06-17 14:47:05
11,verocab,leagrille,7,2020-06-16 19:22:06,2020-06-17 14:47:05
12,verocab,ricardopose1,7,2020-06-16 19:22:06,2020-06-17 14:47:05
13,verocab,verocab,7,2020-06-16 19:22:06,2020-06-17 14:47:05
14,verocab,germanavilan,7,2020-06-16 19:22:06,2020-06-17 14:47:05
15,leobadonoso,sinae_oficial,8,2020-06-16 19:23:13,2020-06-17 14:47:05
16,viovica2000,sinae_oficial,9,2020-06-16 19:23:37,2020-06-17 14:47:05
17,cbaenaz,sinae_oficial,10,2020-06-16 19:24:07,2020-06-17 14:47:05
18,delesanti98,vtvnoticiasuy,11,2020-06-16 19:24:13,2020-06-17 14:47:05
19,delesanti98,vtvuruguay,11,2020-06-16 19:24:13,2020-06-17 14:47:05
20,jopeva1,verocab,12,2020-06-16 19:28:15,2020-06-17 14:47:05
21,jopeva1,germanavilan,12,2020-06-16 19:28:15,2020-06-17 14:47:05
22,jopeva1,meriparrado,12,2020-06-16 19:28:15,2020-06-17 14:47:05
23,jopeva1,carasycaretasuy,12,2020-06-16 19:28:15,2020-06-17 14:47:05
24,jopeva1,leagrille,12,2020-06-16 19:28:15,2020-06-17 14:47:05
25,jopeva1,ricardopose1,12,2020-06-16 19:28:15,2020-06-17 14:47:05
26,clapelplacer,sinae_oficial,13,2020-06-16 19:28:56,2020-06-17 14:47:05
27,grace_liamsi,ernesto_talvi,14,2020-06-16 19:30:00,2020-06-17 14:47:05
28,eldelalibreta,medeapoma,15,2020-06-16 19:33:05,2020-06-17 14:47:05
29,maiaavellana,vtvnoticiasuy,16,2020-06-16 19:34:47,2020-06-17 14:47:05
30,maiaavellana,vtvuruguay,16,2020-06-16 19:34:47,2020-06-17 14:47:05
31,oscarhaboni,sinae_oficial,17,2020-06-16 19:36:44,2020-06-17 14:47:05
32,techo,techouy,18,2020-06-16 19:36:46,2020-06-17 14:47:05
33,23alzat,sinae_oficial,19,2020-06-16 19:37:26,2020-06-17 14:47:05
34,morales_ingarth,techouy,20,2020-06-16 19:42:00,2020-06-17 14:47:05
35,sara17almada,vtvnoticiasuy,21,2020-06-16 19:42:53,2020-06-17 14:47:05
36,sara17almada,vtvuruguay,21,2020-06-16 19:42:53,2020-06-17 14:47:05
37,hugopericop5,crlitvin,22,2020-06-16 19:46:23,2020-06-17 14:47:05
38,pilicanedo,vtvnoticiasuy,23,2020-06-16 19:46:53,2020-06-17 14:47:05
39,pilicanedo,vtvuruguay,23,2020-06-16 19:46:53,2020-06-17 14:47:05
40,futbox1,1_muslera_25,24,2020-06-16 19:48:38,2020-06-17 14:47:05
41,edil_alerepetto,leocipriani20,25,2020-06-16 19:48:50,2020-06-17 14:47:05
42,edil_alerepetto,assecomunica,25,2020-06-16 19:48:50,2020-06-17 14:47:05
43,edil_alerepetto,tartagliaestefa,25,2020-06-16 19:48:50,2020-06-17 14:47:05
44,herrerismolp,leocipriani20,26,2020-06-16 19:49:10,2020-06-17 14:47:05
45,herrerismolp,assecomunica,26,2020-06-16 19:49:10,2020-06-17 14:47:05
46,herrerismolp,tartagliaestefa,26,2020-06-16 19:49:10,2020-06-17 14:47:05
47,otrocanelones,leocipriani20,27,2020-06-16 19:49:53,2020-06-17 14:47:05
48,otrocanelones,assecomunica,27,2020-06-16 19:49:53,2020-06-17 14:47:05
49,otrocanelones,tartagliaestefa,27,2020-06-16 19:49:53,2020-06-17 14:47:05
50,edilescanelones,tartagliaestefa,28,2020-06-16 19:50:40,2020-06-17 14:47:05
51,edilescanelones,leocipriani20,28,2020-06-16 19:50:40,2020-06-17 14:47:05
52,edilescanelones,assecomunica,28,2020-06-16 19:50:40,2020-06-17 14:47:05
53,elequipodeelena,leocipriani20,29,2020-06-16 19:51:09,2020-06-17 14:47:05
54,elequipodeelena,assecomunica,29,2020-06-16 19:51:09,2020-06-17 14:47:05
55,elequipodeelena,tartagliaestefa,29,2020-06-16 19:51:09,2020-06-17 14:47:05
56,nacionalistasuy,tartagliaestefa,30,2020-06-16 19:51:40,2020-06-17 14:47:05
57,nacionalistasuy,leocipriani20,30,2020-06-16 19:51:40,2020-06-17 14:47:05
58,nacionalistasuy,assecomunica,30,2020-06-16 19:51:40,2020-06-17 14:47:05
59,canelones_33,leocipriani20,31,2020-06-16 19:52:06,2020-06-17 14:47:05
60,canelones_33,assecomunica,31,2020-06-16 19:52:06,2020-06-17 14:47:05
61,canelones_33,tartagliaestefa,31,2020-06-16 19:52:06,2020-06-17 14:47:05
62,syleona,leocipriani20,32,2020-06-16 19:52:29,2020-06-17 14:47:05
63,syleona,assecomunica,32,2020-06-16 19:52:29,2020-06-17 14:47:05
64,syleona,tartagliaestefa,32,2020-06-16 19:52:29,2020-06-17 14:47:05
65,pozoscanelones,leocipriani20,33,2020-06-16 19:52:49,2020-06-17 14:47:05
66,pozoscanelones,assecomunica,33,2020-06-16 19:52:49,2020-06-17 14:47:05
67,pozoscanelones,tartagliaestefa,33,2020-06-16 19:52:49,2020-06-17 14:47:05
68,ysveliarteaga27,ernesto_talvi,34,2020-06-16 19:53:04,2020-06-17 14:47:05
69,coronavirusnewv,sinae_oficial,35,2020-06-16 19:56:46,2020-06-17 14:47:05
70,rmiglionico,leocipriani20,36,2020-06-16 19:59:51,2020-06-17 14:47:05
71,rmiglionico,assecomunica,36,2020-06-16 19:59:51,2020-06-17 14:47:05
72,rmiglionico,tartagliaestefa,36,2020-06-16 19:59:51,2020-06-17 14:47:05
73,difusionprohibi,difusionprohibi,37,2020-06-16 20:02:03,2020-06-17 14:47:05
74,danielibarburu,assecomunica,38,2020-06-16 20:03:56,2020-06-17 14:47:05
75,danielibarburu,tartagliaestefa,38,2020-06-16 20:03:56,2020-06-17 14:47:05
76,danielibarburu,leocipriani20,38,2020-06-16 20:03:56,2020-06-17 14:47:05
77,lecv412,sinae_oficial,39,2020-06-16 20:04:39,2020-06-17 14:47:05
78,otro18demayo,leocipriani20,40,2020-06-16 20:08:16,2020-06-17 14:47:05
79,otro18demayo,assecomunica,40,2020-06-16 20:08:16,2020-06-17 14:47:05
80,otro18demayo,tartagliaestefa,40,2020-06-16 20:08:16,2020-06-17 14:47:05
81,lista_33,leocipriani20,41,2020-06-16 20:08:51,2020-06-17 14:47:05
82,lista_33,assecomunica,41,2020-06-16 20:08:51,2020-06-17 14:47:05
83,lista_33,tartagliaestefa,41,2020-06-16 20:08:51,2020-06-17 14:47:05
84,mujerespn,leocipriani20,42,2020-06-16 20:09:43,2020-06-17 14:47:05
85,mujerespn,assecomunica,42,2020-06-16 20:09:43,2020-06-17 14:47:05
86,mujerespn,tartagliaestefa,42,2020-06-16 20:09:43,2020-06-17 14:47:05
87,lavozdetodasuy,leocipriani20,43,2020-06-16 20:10:22,2020-06-17 14:47:05
88,lavozdetodasuy,assecomunica,43,2020-06-16 20:10:22,2020-06-17 14:47:05
89,lavozdetodasuy,tartagliaestefa,43,2020-06-16 20:10:22,2020-06-17 14:47:05
90,ruletadefamosos,ruletadefamosos,44,2020-06-16 20:12:27,2020-06-17 14:47:05
91,ruletadefamosos,misteatrerosmx,44,2020-06-16 20:12:27,2020-06-17 14:47:05
92,ruletadefamosos,eltonecastv,44,2020-06-16 20:12:27,2020-06-17 14:47:05
93,ruletadefamosos,emirsahibguru,44,2020-06-16 20:12:27,2020-06-17 14:47:05
94,ruletadefamosos,toninho_amigo,44,2020-06-16 20:12:27,2020-06-17 14:47:05
95,ruletadefamosos,severoneta,44,2020-06-16 20:12:27,2020-06-17 14:47:05
96,ruletadefamosos,estrellastreya2,44,2020-06-16 20:12:27,2020-06-17 14:47:05
97,cdanmatt,vtvnoticiasuy,45,2020-06-16 20:14:10,2020-06-17 14:47:05
98,cdanmatt,vtvuruguay,45,2020-06-16 20:14:10,2020-06-17 14:47:05
99,1967celeste,vtvnoticiasuy,46,2020-06-16 20:15:52,2020-06-17 14:47:05
100,1967celeste,vtvuruguay,46,2020-06-16 20:15:52,2020-06-17 14:47:05
101,radioworldsv,sinae_oficial,47,2020-06-16 20:17:02,2020-06-17 14:47:05
102,kevinroyk,belgrano,48,2020-06-16 20:25:39,2020-06-17 14:47:05
103,stephaniedowric,juliette_io,49,2020-06-16 20:29:24,2020-06-17 14:47:05
104,anitamariaan,cyrus_kuba,49,2020-06-16 20:29:24,2020-06-17 14:47:05
105,mangotree_books,juliette_io,50,2020-06-16 20:33:03,2020-06-17 14:47:05
106,dosapellidosxii,ejercito_arg,51,2020-06-16 20:39:53,2020-06-17 14:47:05
107,dosapellidosxii,exercitooficial,51,2020-06-16 20:39:53,2020-06-17 14:47:05
108,dosapellidosxii,pontifex_es,51,2020-06-16 20:39:53,2020-06-17 14:47:05
109,dosapellidosxii,casareal,51,2020-06-16 20:39:53,2020-06-17 14:47:05
110,dosapellidosxii,embespisrael,51,2020-06-16 20:39:53,2020-06-17 14:47:05
111,almangopatriota,myfilmproject,52,2020-06-16 20:41:30,2020-06-17 14:47:05
112,1javiera,progresooficial,53,2020-06-16 20:50:44,2020-06-17 14:47:05
113,ernestocastella,vtvnoticiasuy,54,2020-06-16 20:51:52,2020-06-17 14:47:05
114,ernestocastella,vtvuruguay,54,2020-06-16 20:51:52,2020-06-17 14:47:05
115,mariu41maria,stemaggiolini8,55,2020-06-16 20:58:28,2020-06-17 14:47:05
116,jncauna,vtvnoticiasuy,56,2020-06-16 20:59:52,2020-06-17 14:47:05
117,jncauna,vtvuruguay,56,2020-06-16 20:59:52,2020-06-17 14:47:05
118,veinssebastian,vtvnoticiasuy,57,2020-06-16 21:00:10,2020-06-17 14:47:05
119,veinssebastian,vtvuruguay,57,2020-06-16 21:00:10,2020-06-17 14:47:05
120,adriantomasina,vtvnoticiasuy,58,2020-06-16 21:01:59,2020-06-17 14:47:05
121,adriantomasina,vtvuruguay,58,2020-06-16 21:01:59,2020-06-17 14:47:05
122,gmachad43567414,leocipriani20,59,2020-06-16 21:02:39,2020-06-17 14:47:05
123,gmachad43567414,assecomunica,59,2020-06-16 21:02:39,2020-06-17 14:47:05
124,gmachad43567414,tartagliaestefa,59,2020-06-16 21:02:39,2020-06-17 14:47:05
125,maxiborgesok,sup_uruguay,60,2020-06-16 21:12:01,2020-06-17 14:47:05
126,clickpoker,sinae_oficial,61,2020-06-16 21:12:52,2020-06-17 14:47:05
127,oscardcl,leocipriani20,62,2020-06-16 21:16:48,2020-06-17 14:47:05
128,oscardcl,assecomunica,62,2020-06-16 21:16:48,2020-06-17 14:47:05
129,oscardcl,tartagliaestefa,62,2020-06-16 21:16:48,2020-06-17 14:47:05
130,danballejo,vtvnoticiasuy,63,2020-06-16 21:28:39,2020-06-17 14:47:05
131,danballejo,vtvuruguay,63,2020-06-16 21:28:39,2020-06-17 14:47:05
132,aliviera33,vtvnoticiasuy,64,2020-06-16 21:29:26,2020-06-17 14:47:05
133,aliviera33,vtvuruguay,64,2020-06-16 21:29:26,2020-06-17 14:47:05
134,coqui1980,vtvnoticiasuy,65,2020-06-16 21:29:41,2020-06-17 14:47:05
135,coqui1980,vtvuruguay,65,2020-06-16 21:29:41,2020-06-17 14:47:05
136,laflora9,vtvuruguay,66,2020-06-16 21:30:45,2020-06-17 14:47:05
137,laflora9,vtvnoticiasuy,66,2020-06-16 21:30:45,2020-06-17 14:47:05
138,vicenteplatafao,jberdeguefao,67,2020-06-16 21:30:59,2020-06-17 14:47:05
139,vicenteplatafao,cepal_onu,67,2020-06-16 21:30:59,2020-06-17 14:47:05
140,vicenteplatafao,aliciabarcena,67,2020-06-16 21:30:59,2020-06-17 14:47:05
141,vicenteplatafao,faoamericas,67,2020-06-16 21:30:59,2020-06-17 14:47:05
142,faouruguay,sup_uruguay,68,2020-06-16 21:37:31,2020-06-17 14:47:05
143,aibexint,faoamericas,69,2020-06-16 21:39:22,2020-06-17 14:47:05
144,aibexint,jberdeguefao,69,2020-06-16 21:39:22,2020-06-17 14:47:05
145,aibexint,cepal_onu,69,2020-06-16 21:39:22,2020-06-17 14:47:05
146,aibexint,aliciabarcena,69,2020-06-16 21:39:22,2020-06-17 14:47:05
147,ale_sclavo,vtvnoticiasuy,70,2020-06-16 21:40:15,2020-06-17 14:47:05
148,ale_sclavo,vtvuruguay,70,2020-06-16 21:40:15,2020-06-17 14:47:05
149,qvquovadis55,vtvnoticiasuy,71,2020-06-16 21:46:44,2020-06-17 14:47:05
150,qvquovadis55,vtvuruguay,71,2020-06-16 21:46:44,2020-06-17 14:47:05
151,marinadavel,buquebus_ar,72,2020-06-16 21:46:54,2020-06-17 14:47:05
152,verodianeth,sinae_oficial,73,2020-06-16 21:48:01,2020-06-17 14:47:05
153,climauy,uruguaypostales,74,2020-06-16 21:50:16,2020-06-17 14:47:05
154,climauy,meteorologiauy,74,2020-06-16 21:50:16,2020-06-17 14:47:05
155,climauy,wmo,74,2020-06-16 21:50:16,2020-06-17 14:47:05
156,climauy,destinopiria,74,2020-06-16 21:50:16,2020-06-17 14:47:05
157,climauy,meteonacho,74,2020-06-16 21:50:16,2020-06-17 14:47:05
158,climauy,boleadorcharrua,74,2020-06-16 21:50:16,2020-06-17 14:47:05
159,climauy,meteofedex,74,2020-06-16 21:50:16,2020-06-17 14:47:05
160,climauy,puntadelestes,74,2020-06-16 21:50:16,2020-06-17 14:47:05
161,climauy,metsul,74,2020-06-16 21:50:16,2020-06-17 14:47:05
162,climauy,uruguay_natural,74,2020-06-16 21:50:16,2020-06-17 14:47:05
163,climauy,estacion_bcp,74,2020-06-16 21:50:16,2020-06-17 14:47:05
164,climauy,metfloridauy,74,2020-06-16 21:50:16,2020-06-17 14:47:05
165,jorgito91501290,tartagliaestefa,75,2020-06-16 21:52:03,2020-06-17 14:47:05
166,jorgito91501290,leocipriani20,75,2020-06-16 21:52:03,2020-06-17 14:47:05
167,jorgito91501290,assecomunica,75,2020-06-16 21:52:03,2020-06-17 14:47:05
168,minimalmambo,diego_matturro,76,2020-06-16 22:00:14,2020-06-17 14:47:05
169,minimalmambo,la_tabare,76,2020-06-16 22:00:14,2020-06-17 14:47:05
170,minimalmambo,ntvgoficial,76,2020-06-16 22:00:14,2020-06-17 14:47:05
171,minimalmambo,oohuooh,76,2020-06-16 22:00:14,2020-06-17 14:47:05
172,minimalmambo,buceoinvisible,76,2020-06-16 22:00:14,2020-06-17 14:47:05
173,minimalmambo,spuntonemendaro,76,2020-06-16 22:00:14,2020-06-17 14:47:05
174,minimalmambo,saladosbanda,76,2020-06-16 22:00:14,2020-06-17 14:47:05
175,minimalmambo,ninalobouy,76,2020-06-16 22:00:14,2020-06-17 14:47:05
176,minimalmambo,rossanataddei,76,2020-06-16 22:00:14,2020-06-17 14:47:05
177,minimalmambo,samamusica,76,2020-06-16 22:00:14,2020-06-17 14:47:05
178,minimalmambo,trotskyvengaran,76,2020-06-16 22:00:14,2020-06-17 14:47:05
179,minimalmambo,reytorouy,76,2020-06-16 22:00:14,2020-06-17 14:47:05
180,minimalmambo,buitresok,76,2020-06-16 22:00:14,2020-06-17 14:47:05
181,minimalmambo,hpleuy,76,2020-06-16 22:00:14,2020-06-17 14:47:05
182,minimalmambo,losprolijos,76,2020-06-16 22:00:14,2020-06-17 14:47:05
183,milagro_pau,redes_at,77,2020-06-16 22:00:22,2020-06-17 14:47:05
184,patrici32897265,sup_uruguay,78,2020-06-16 22:00:54,2020-06-17 14:47:05
185,avionesenezeiza,rafbrizenorton,79,2020-06-16 22:03:37,2020-06-17 14:47:05
186,dcapola,youtube,80,2020-06-16 22:03:51,2020-06-17 14:47:05
187,rosannacaputi,vtvnoticiasuy,81,2020-06-16 22:04:46,2020-06-17 14:47:05
188,rosannacaputi,vtvuruguay,81,2020-06-16 22:04:46,2020-06-17 14:47:05
189,sasovskyasoc,iprofesional,82,2020-06-16 22:05:38,2020-06-17 14:47:05
190,sasovskyasoc,ivansasovsky,82,2020-06-16 22:05:38,2020-06-17 14:47:05
191,corporatedjlg,rafbrizenorton,83,2020-06-16 22:05:49,2020-06-17 14:47:05
192,mrtoro07,rafbrizenorton,84,2020-06-16 22:06:50,2020-06-17 14:47:05
193,danielabrandon,redes_at,85,2020-06-16 22:09:11,2020-06-17 14:47:05
194,jorgejorgeggp,rafbrizenorton,86,2020-06-16 22:10:58,2020-06-17 14:47:05
195,la_nola7,telemundouy,87,2020-06-16 22:15:34,2020-06-17 14:47:05
196,pabloapostolu4,rafbrizenorton,88,2020-06-16 22:16:22,2020-06-17 14:47:05
197,perrobanquetero,_narellano,89,2020-06-16 22:17:12,2020-06-17 14:47:05
198,fitzgeraldcp78,vtvuruguay,90,2020-06-16 22:17:15,2020-06-17 14:47:05
199,fitzgeraldcp78,vtvnoticiasuy,90,2020-06-16 22:17:15,2020-06-17 14:47:05
200,juanbla2000,rafbrizenorton,91,2020-06-16 22:18:01,2020-06-17 14:47:05
201,cosella_diana,rafbrizenorton,92,2020-06-16 22:18:11,2020-06-17 14:47:05
202,thisissanty,vtvnoticiasuy,93,2020-06-16 22:18:28,2020-06-17 14:47:05
203,thisissanty,vtvuruguay,93,2020-06-16 22:18:28,2020-06-17 14:47:05
204,tjuanpex,vtvnoticiasuy,94,2020-06-16 22:20:46,2020-06-17 14:47:05
205,tjuanpex,vtvuruguay,94,2020-06-16 22:20:46,2020-06-17 14:47:05
206,impuestosye,iprofesional,95,2020-06-16 22:21:30,2020-06-17 14:47:05
207,impuestosye,ivansasovsky,95,2020-06-16 22:21:30,2020-06-17 14:47:05
208,tip_tax,iprofesional,96,2020-06-16 22:24:54,2020-06-17 14:47:05
209,tip_tax,ivansasovsky,96,2020-06-16 22:24:54,2020-06-17 14:47:05
210,ar1reforma,iprofesional,97,2020-06-16 22:25:08,2020-06-17 14:47:05
211,ar1reforma,ivansasovsky,97,2020-06-16 22:25:08,2020-06-17 14:47:05
212,2020impuestos,iprofesional,98,2020-06-16 22:25:33,2020-06-17 14:47:05
213,2020impuestos,ivansasovsky,98,2020-06-16 22:25:33,2020-06-17 14:47:05
214,pat350_,iprofesional,99,2020-06-16 22:26:15,2020-06-17 14:47:05
215,pat350_,ivansasovsky,99,2020-06-16 22:26:15,2020-06-17 14:47:05
216,consultoriaytax,ivansasovsky,100,2020-06-16 22:27:00,2020-06-17 14:47:05
217,consultoriaytax,iprofesional,100,2020-06-16 22:27:00,2020-06-17 14:47:05
218,fiscalidad1,iprofesional,101,2020-06-16 22:27:27,2020-06-17 14:47:05
219,fiscalidad1,ivansasovsky,101,2020-06-16 22:27:27,2020-06-17 14:47:05
220,maleodie,vtvnoticiasuy,102,2020-06-16 22:31:59,2020-06-17 14:47:05
221,maleodie,vtvuruguay,102,2020-06-16 22:31:59,2020-06-17 14:47:05
222,epidemia_59,iprofesional,103,2020-06-16 22:34:37,2020-06-17 14:47:05
223,epidemia_59,ivansasovsky,103,2020-06-16 22:34:37,2020-06-17 14:47:05
224,inito70,pbartol65,104,2020-06-16 22:37:42,2020-06-17 14:47:05
225,amir_y2j,covid19esp_,105,2020-06-16 22:37:43,2020-06-17 14:47:05
226,dicotomia7,ernesto_talvi,105,2020-06-16 22:37:43,2020-06-17 14:47:05
227,dicotomia7,cyrus_kuba,105,2020-06-16 22:37:43,2020-06-17 14:47:05
228,mlnogueira813,vtvnoticiasuy,106,2020-06-16 22:38:34,2020-06-17 14:47:05
229,mlnogueira813,vtvuruguay,106,2020-06-16 22:38:34,2020-06-17 14:47:05
230,grace4519,leocipriani20,107,2020-06-16 22:43:43,2020-06-17 14:47:05
231,grace4519,assecomunica,107,2020-06-16 22:43:43,2020-06-17 14:47:05
232,grace4519,tartagliaestefa,107,2020-06-16 22:43:43,2020-06-17 14:47:05
233,chelyrobles2677,americooficial,108,2020-06-16 22:45:16,2020-06-17 14:47:05
234,toledo_are,leocipriani20,109,2020-06-16 22:45:27,2020-06-17 14:47:05
235,toledo_are,assecomunica,109,2020-06-16 22:45:27,2020-06-17 14:47:05
236,toledo_are,tartagliaestefa,109,2020-06-16 22:45:27,2020-06-17 14:47:05
237,marcelo_campi_,djiglobal,110,2020-06-16 22:48:12,2020-06-17 14:47:05
238,cyrus_kuba,ernesto_talvi,111,2020-06-16 22:48:20,2020-06-17 14:47:05
239,cyrus_kuba,cyrus_kuba,111,2020-06-16 22:48:20,2020-06-17 14:47:05
240,fgallottasantin,bbcmundo,112,2020-06-16 22:53:04,2020-06-17 14:47:05
241,artigasgs,vtvnoticiasuy,113,2020-06-16 22:57:30,2020-06-17 14:47:05
242,artigasgs,vtvuruguay,113,2020-06-16 22:57:30,2020-06-17 14:47:05
243,pablo_urbiina,buquebus_ar,114,2020-06-16 23:04:26,2020-06-17 14:47:05
244,marcepatroncini,vermudeportivo,115,2020-06-16 23:07:22,2020-06-17 14:47:05
245,nancyto39508845,onu_es,116,2020-06-16 23:08:02,2020-06-17 14:47:05
246,nancyto39508845,agnescallamard,116,2020-06-16 23:08:02,2020-06-17 14:47:05
247,nancyto39508845,cvoule,116,2020-06-16 23:08:02,2020-06-17 14:47:05
248,nancyto39508845,davidakaye,116,2020-06-16 23:08:02,2020-06-17 14:47:05
249,superalitita,iprofesional,117,2020-06-16 23:08:31,2020-06-17 14:47:05
250,superalitita,ivansasovsky,117,2020-06-16 23:08:31,2020-06-17 14:47:05
251,vermudeportivo,marcepatroncini,118,2020-06-16 23:11:41,2020-06-17 14:47:05
252,pchaboteventos,camtururuguay,119,2020-06-16 23:16:14,2020-06-17 14:47:05
253,pchaboteventos,cardosogerman,119,2020-06-16 23:16:14,2020-06-17 14:47:05
254,pchaboteventos,audavi_,119,2020-06-16 23:16:14,2020-06-17 14:47:05
255,pchaboteventos,uruguay_natural,119,2020-06-16 23:16:14,2020-06-17 14:47:05
256,pchaboteventos,cr_jame,119,2020-06-16 23:16:14,2020-06-17 14:47:05
257,ipatrmv,cyrus_kuba,120,2020-06-16 23:23:30,2020-06-17 14:47:05
258,quibent,tartagliaestefa,121,2020-06-16 23:23:31,2020-06-17 14:47:05
259,quibent,leocipriani20,121,2020-06-16 23:23:31,2020-06-17 14:47:05
260,quibent,assecomunica,121,2020-06-16 23:23:31,2020-06-17 14:47:05
261,cubalib78491582,cyrus_kuba,122,2020-06-16 23:25:24,2020-06-17 14:47:05
262,cubalib78491582,ernesto_talvi,122,2020-06-16 23:25:24,2020-06-17 14:47:05
263,misteatrerosmx,estrellastreya2,123,2020-06-16 23:30:44,2020-06-17 14:47:05
264,misteatrerosmx,ruletadefamosos,123,2020-06-16 23:30:44,2020-06-17 14:47:05
265,misteatrerosmx,misteatrerosmx,123,2020-06-16 23:30:44,2020-06-17 14:47:05
266,misteatrerosmx,eltonecastv,123,2020-06-16 23:30:44,2020-06-17 14:47:05
267,misteatrerosmx,emirsahibguru,123,2020-06-16 23:30:44,2020-06-17 14:47:05
268,misteatrerosmx,toninho_amigo,123,2020-06-16 23:30:44,2020-06-17 14:47:05
269,misteatrerosmx,severoneta,123,2020-06-16 23:30:44,2020-06-17 14:47:05
270,el_negro_jara,faouruguay,124,2020-06-16 23:32:15,2020-06-17 14:47:05
271,el_negro_jara,vicenteplatafao,124,2020-06-16 23:32:15,2020-06-17 14:47:05
272,rodolfoacunah,ernesto_talvi,125,2020-06-16 23:33:39,2020-06-17 14:47:05
273,ruletadefamosos,severoneta,126,2020-06-16 23:36:51,2020-06-17 14:47:05
274,ruletadefamosos,estrellastreya2,126,2020-06-16 23:36:51,2020-06-17 14:47:05
275,ruletadefamosos,ruletadefamosos,126,2020-06-16 23:36:51,2020-06-17 14:47:05
276,ruletadefamosos,misteatrerosmx,126,2020-06-16 23:36:51,2020-06-17 14:47:05
277,ruletadefamosos,eltonecastv,126,2020-06-16 23:36:51,2020-06-17 14:47:05
278,ruletadefamosos,emirsahibguru,126,2020-06-16 23:36:51,2020-06-17 14:47:05
279,ruletadefamosos,toninho_amigo,126,2020-06-16 23:36:51,2020-06-17 14:47:05
280,profesorottati,profesorottati,127,2020-06-16 23:38:15,2020-06-17 14:47:05
281,profesorottati,jorgeottati,127,2020-06-16 23:38:15,2020-06-17 14:47:05
282,aclamattor,who,128,2020-06-16 23:39:59,2020-06-17 14:47:05
283,aclamattor,opsoms,128,2020-06-16 23:39:59,2020-06-17 14:47:05
284,ecuabot,opsoms,129,2020-06-16 23:40:03,2020-06-17 14:47:05
285,ecuabot,who,129,2020-06-16 23:40:03,2020-06-17 14:47:05
286,emirsahibguru,toninho_amigo,130,2020-06-16 23:41:58,2020-06-17 14:47:05
287,emirsahibguru,severoneta,130,2020-06-16 23:41:58,2020-06-17 14:47:05
288,emirsahibguru,estrellastreya2,130,2020-06-16 23:41:58,2020-06-17 14:47:05
289,emirsahibguru,ruletadefamosos,130,2020-06-16 23:41:58,2020-06-17 14:47:05
290,emirsahibguru,misteatrerosmx,130,2020-06-16 23:41:58,2020-06-17 14:47:05
291,emirsahibguru,eltonecastv,130,2020-06-16 23:41:58,2020-06-17 14:47:05
292,emirsahibguru,emirsahibguru,130,2020-06-16 23:41:58,2020-06-17 14:47:05
293,lizethmcuevas,who,131,2020-06-16 23:47:27,2020-06-17 14:47:05
294,lizethmcuevas,opsoms,131,2020-06-16 23:47:27,2020-06-17 14:47:05
295,tejeramirtha,vtvnoticiasuy,132,2020-06-16 23:52:31,2020-06-17 14:47:05
296,tejeramirtha,vtvuruguay,132,2020-06-16 23:52:31,2020-06-17 14:47:05
297,profesorottati,clubmalvin,133,2020-06-16 23:53:18,2020-06-17 14:47:05
298,malvinsports,clubmalvin,134,2020-06-16 23:53:39,2020-06-17 14:47:05
299,faouruguay,vicenteplatafao,135,2020-06-16 23:53:59,2020-06-17 14:47:05
300,faouruguay,faouruguay,135,2020-06-16 23:53:59,2020-06-17 14:47:05
301,lisickilitvin,crlitvin,136,2020-06-16 23:57:15,2020-06-17 14:47:05
302,aliciaalgar,vtvnoticiasuy,137,2020-06-17 00:13:52,2020-06-17 14:47:05
303,aliciaalgar,vtvuruguay,137,2020-06-17 00:13:52,2020-06-17 14:47:05
304,ernestosalas11,saludpublicard,138,2020-06-17 00:32:09,2020-06-17 14:47:05
305,ernestosalas11,sns_portugal,138,2020-06-17 00:32:09,2020-06-17 14:47:05
306,ernestosalas11,mspuruguay,138,2020-06-17 00:32:09,2020-06-17 14:47:05
307,ernestosalas11,presidenciard,138,2020-06-17 00:32:09,2020-06-17 14:47:05
308,wpb_vzla,jaarreaza,139,2020-06-17 00:39:36,2020-06-17 14:47:05
309,gtsuruguay,doloresolveira,140,2020-06-17 00:39:55,2020-06-17 14:47:05
310,danteuru2015,vtvnoticiasuy,141,2020-06-17 00:46:26,2020-06-17 14:47:05
311,danteuru2015,vtvuruguay,141,2020-06-17 00:46:26,2020-06-17 14:47:05
312,ernestosalas11,sns_portugal,142,2020-06-17 00:49:23,2020-06-17 14:47:05
313,ernestosalas11,mspuruguay,142,2020-06-17 00:49:23,2020-06-17 14:47:05
314,ernestosalas11,vtvcanal8,142,2020-06-17 00:49:23,2020-06-17 14:47:05
315,ernestosalas11,presidenciard,142,2020-06-17 00:49:23,2020-06-17 14:47:05
316,ernestosalas11,vicevenezuela,142,2020-06-17 00:49:23,2020-06-17 14:47:05
317,ernestosalas11,saludpublicard,142,2020-06-17 00:49:23,2020-06-17 14:47:05
318,dualbertocarlos,felicitasbv,143,2020-06-17 00:54:11,2020-06-17 14:47:05
319,dualbertocarlos,youtube,143,2020-06-17 00:54:11,2020-06-17 14:47:05
320,caromagnalardo,stemaggiolini8,144,2020-06-17 01:03:14,2020-06-17 14:47:05
321,virginiacorral4,vtvnoticiasuy,145,2020-06-17 01:10:46,2020-06-17 14:47:05
322,virginiacorral4,vtvuruguay,145,2020-06-17 01:10:46,2020-06-17 14:47:05
323,simplementeanab,hirabluethaila4,146,2020-06-17 01:16:44,2020-06-17 14:47:05
324,santiag28734779,antarticouy,147,2020-06-17 01:18:43,2020-06-17 14:47:05
325,diariodecuba,cyrus_kuba,148,2020-06-17 01:37:37,2020-06-17 14:47:05
326,cr04704n,cyrus_kuba,149,2020-06-17 01:50:55,2020-06-17 14:47:05
327,dorticososvaldo,ernesto_talvi,150,2020-06-17 02:09:11,2020-06-17 14:47:05
328,dorticososvaldo,cyrus_kuba,150,2020-06-17 02:09:11,2020-06-17 14:47:05
329,percyvale21,juliette_io,151,2020-06-17 02:23:38,2020-06-17 14:47:05
330,bbussolati,jptosar,152,2020-06-17 02:34:55,2020-06-17 14:47:05
331,bbussolati,labwitwer,152,2020-06-17 02:34:55,2020-06-17 14:47:05
332,bbussolati,ipmontevideo,152,2020-06-17 02:34:55,2020-06-17 14:47:05
333,bbussolati,udelaruy,152,2020-06-17 02:34:55,2020-06-17 14:47:05
334,troglieroji,libertariocaba,153,2020-06-17 02:40:49,2020-06-17 14:47:05
335,troglieroji,eberpuma,153,2020-06-17 02:40:49,2020-06-17 14:47:05
336,vzlanonomanaus,oimuruguay,154,2020-06-17 03:13:37,2020-06-17 14:47:05
337,hecho_en_cuba,cyrus_kuba,155,2020-06-17 03:17:17,2020-06-17 14:47:05
338,publismedios,publismedios,156,2020-06-17 03:41:00,2020-06-17 14:47:05
339,bjyx,dreamfactory_ok,157,2020-06-17 04:26:02,2020-06-17 14:47:05
340,kubaking4,cyrus_kuba,158,2020-06-17 04:28:01,2020-06-17 14:47:05
341,judoinside,pabloaprauy,159,2020-06-17 04:47:37,2020-06-17 14:47:05
342,letiziacaputi,vtvnoticiasuy,160,2020-06-17 04:47:59,2020-06-17 14:47:05
343,letiziacaputi,vtvuruguay,160,2020-06-17 04:47:59,2020-06-17 14:47:05
344,storeboard,mktdeportivouy,161,2020-06-17 04:51:39,2020-06-17 14:47:05
345,todotvnews,canal10uruguay,162,2020-06-17 05:05:15,2020-06-17 14:47:05
346,diegorodsen,vicenteplatafao,163,2020-06-17 05:28:38,2020-06-17 14:47:05
347,diegorodsen,faouruguay,163,2020-06-17 05:28:38,2020-06-17 14:47:05
348,mbazzino,vtvnoticiasuy,164,2020-06-17 05:48:20,2020-06-17 14:47:05
349,mbazzino,vtvuruguay,164,2020-06-17 05:48:20,2020-06-17 14:47:05
350,antologiaradio,barrymanilow,165,2020-06-17 05:57:04,2020-06-17 14:47:05
351,pablofuentes73,meriparrado,166,2020-06-17 05:58:17,2020-06-17 14:47:05
352,pablofuentes73,carasycaretasuy,166,2020-06-17 05:58:17,2020-06-17 14:47:05
353,pablofuentes73,leagrille,166,2020-06-17 05:58:17,2020-06-17 14:47:05
354,pablofuentes73,ricardopose1,166,2020-06-17 05:58:17,2020-06-17 14:47:05
355,pablofuentes73,verocab,166,2020-06-17 05:58:17,2020-06-17 14:47:05
356,pablofuentes73,germanavilan,166,2020-06-17 05:58:17,2020-06-17 14:47:05
357,jberdeguefao,sup_uruguay,167,2020-06-17 05:58:28,2020-06-17 14:47:05
358,f7jvk0yaxtq10tq,puntadelestes,168,2020-06-17 05:59:01,2020-06-17 14:47:05
359,f7jvk0yaxtq10tq,metsul,168,2020-06-17 05:59:01,2020-06-17 14:47:05
360,f7jvk0yaxtq10tq,uruguay_natural,168,2020-06-17 05:59:01,2020-06-17 14:47:05
361,f7jvk0yaxtq10tq,estacion_bcp,168,2020-06-17 05:59:01,2020-06-17 14:47:05
362,f7jvk0yaxtq10tq,metfloridauy,168,2020-06-17 05:59:01,2020-06-17 14:47:05
363,f7jvk0yaxtq10tq,uruguaypostales,168,2020-06-17 05:59:01,2020-06-17 14:47:05
364,f7jvk0yaxtq10tq,meteorologiauy,168,2020-06-17 05:59:01,2020-06-17 14:47:05
365,f7jvk0yaxtq10tq,wmo,168,2020-06-17 05:59:01,2020-06-17 14:47:05
366,f7jvk0yaxtq10tq,destinopiria,168,2020-06-17 05:59:01,2020-06-17 14:47:05
367,f7jvk0yaxtq10tq,meteonacho,168,2020-06-17 05:59:01,2020-06-17 14:47:05
368,f7jvk0yaxtq10tq,boleadorcharrua,168,2020-06-17 05:59:01,2020-06-17 14:47:05
369,f7jvk0yaxtq10tq,meteofedex,168,2020-06-17 05:59:01,2020-06-17 14:47:05
370,wilsonorge,santi_urrutia,169,2020-06-17 06:00:48,2020-06-17 14:47:05
371,wilsonorge,hmdmotorsports,169,2020-06-17 06:00:48,2020-06-17 14:47:05
372,wilsonorge,fr_americas,169,2020-06-17 06:00:48,2020-06-17 14:47:05
373,antologiaradio,coldplay,170,2020-06-17 06:09:06,2020-06-17 14:47:05
374,jberdeguefao,opsoms,171,2020-06-17 06:10:58,2020-06-17 14:47:05
375,jberdeguefao,fao,171,2020-06-17 06:10:58,2020-06-17 14:47:05
376,cscaldera,juventudpsuv,172,2020-06-17 06:14:46,2020-06-17 14:47:05
377,cscaldera,presentes_docu,172,2020-06-17 06:14:46,2020-06-17 14:47:05
378,cscaldera,redeuropave,172,2020-06-17 06:14:46,2020-06-17 14:47:05
379,cscaldera,vtvcanal8,172,2020-06-17 06:14:46,2020-06-17 14:47:05
380,cscaldera,telesurtv,172,2020-06-17 06:14:46,2020-06-17 14:47:05
381,mmm4mothers,ceprodih,173,2020-06-17 06:14:51,2020-06-17 14:47:05
382,kikezapatero,vtvnoticiasuy,174,2020-06-17 06:16:55,2020-06-17 14:47:05
383,kikezapatero,vtvuruguay,174,2020-06-17 06:16:55,2020-06-17 14:47:05
384,dagasre,vtvcanal8,175,2020-06-17 06:20:39,2020-06-17 14:47:05
385,dagasre,telesurtv,175,2020-06-17 06:20:39,2020-06-17 14:47:05
386,dagasre,juventudpsuv,175,2020-06-17 06:20:39,2020-06-17 14:47:05
387,dagasre,presentes_docu,175,2020-06-17 06:20:39,2020-06-17 14:47:05
388,dagasre,redeuropave,175,2020-06-17 06:20:39,2020-06-17 14:47:05
389,embavenezfil,telesurtv,176,2020-06-17 06:21:34,2020-06-17 14:47:05
390,embavenezfil,juventudpsuv,176,2020-06-17 06:21:34,2020-06-17 14:47:05
391,embavenezfil,presentes_docu,176,2020-06-17 06:21:34,2020-06-17 14:47:05
392,embavenezfil,redeuropave,176,2020-06-17 06:21:34,2020-06-17 14:47:05
393,embavenezfil,vtvcanal8,176,2020-06-17 06:21:34,2020-06-17 14:47:05
394,rhm1947,vtvcanal8,177,2020-06-17 06:27:00,2020-06-17 14:47:05
395,rhm1947,presentes_docu,177,2020-06-17 06:27:00,2020-06-17 14:47:05
396,rhm1947,redeuropave,177,2020-06-17 06:27:00,2020-06-17 14:47:05
397,rhm1947,telesurtv,177,2020-06-17 06:27:00,2020-06-17 14:47:05
398,rhm1947,juventudpsuv,177,2020-06-17 06:27:00,2020-06-17 14:47:05
399,antologiaradio,paulinarubio,178,2020-06-17 06:30:17,2020-06-17 14:47:05
400,perfilcom,clarafescudero,179,2020-06-17 06:34:41,2020-06-17 14:47:05
401,judofrance,sugoi66,180,2020-06-17 06:35:31,2020-06-17 14:47:05
402,chichoxris,clarafescudero,181,2020-06-17 06:36:53,2020-06-17 14:47:05
403,aponwaog,presentes_docu,182,2020-06-17 06:37:49,2020-06-17 14:47:05
404,aponwaog,redeuropave,182,2020-06-17 06:37:49,2020-06-17 14:47:05
405,aponwaog,vtvcanal8,182,2020-06-17 06:37:49,2020-06-17 14:47:05
406,aponwaog,telesurtv,182,2020-06-17 06:37:49,2020-06-17 14:47:05
407,aponwaog,juventudpsuv,182,2020-06-17 06:37:49,2020-06-17 14:47:05
408,liliana60781829,telesurtv,183,2020-06-17 06:39:04,2020-06-17 14:47:05
409,liliana60781829,juventudpsuv,183,2020-06-17 06:39:04,2020-06-17 14:47:05
410,liliana60781829,vtvcanal8,183,2020-06-17 06:39:04,2020-06-17 14:47:05
411,liliana60781829,presentes_docu,183,2020-06-17 06:39:04,2020-06-17 14:47:05
412,liliana60781829,redeuropave,183,2020-06-17 06:39:04,2020-06-17 14:47:05
413,fcukierman,vtvnoticiasuy,184,2020-06-17 06:41:00,2020-06-17 14:47:05
414,fcukierman,vtvuruguay,184,2020-06-17 06:41:00,2020-06-17 14:47:05
415,fernandopower,vtvnoticiasuy,185,2020-06-17 06:42:26,2020-06-17 14:47:05
416,fernandopower,vtvuruguay,185,2020-06-17 06:42:26,2020-06-17 14:47:05
417,lamarreyniel,ernesto_talvi,186,2020-06-17 06:42:55,2020-06-17 14:47:05
418,lamarreyniel,cyrus_kuba,186,2020-06-17 06:42:55,2020-06-17 14:47:05
419,lamarreyniel,ernesto_talvi,187,2020-06-17 06:43:07,2020-06-17 14:47:05
420,lamarreyniel,cyrus_kuba,187,2020-06-17 06:43:07,2020-06-17 14:47:05
421,fafam70,clarafescudero,188,2020-06-17 06:48:05,2020-06-17 14:47:05
422,soumastree,vtvnoticiasuy,189,2020-06-17 06:49:14,2020-06-17 14:47:05
423,soumastree,vtvuruguay,189,2020-06-17 06:49:14,2020-06-17 14:47:05
424,durazno1460,presentes_docu,190,2020-06-17 06:51:28,2020-06-17 14:47:05
425,durazno1460,redeuropave,190,2020-06-17 06:51:28,2020-06-17 14:47:05
426,durazno1460,vtvcanal8,190,2020-06-17 06:51:28,2020-06-17 14:47:05
427,durazno1460,telesurtv,190,2020-06-17 06:51:28,2020-06-17 14:47:05
428,durazno1460,juventudpsuv,190,2020-06-17 06:51:28,2020-06-17 14:47:05
429,jader_go,spinmaticent,191,2020-06-17 06:54:36,2020-06-17 14:47:05
430,ivansasovsky,iprofesional,192,2020-06-17 07:04:31,2020-06-17 14:47:05
431,ivansasovsky,ivansasovsky,192,2020-06-17 07:04:31,2020-06-17 14:47:05
432,barbara_bitar,cyrus_kuba,193,2020-06-17 07:07:02,2020-06-17 14:47:05
433,sdevincenzo,cyrus_kuba,194,2020-06-17 07:07:52,2020-06-17 14:47:05
434,valenluciana,ivansasovsky,195,2020-06-17 07:08:38,2020-06-17 14:47:05
435,valenluciana,iprofesional,195,2020-06-17 07:08:38,2020-06-17 14:47:05
436,nalleye,juventudpsuv,196,2020-06-17 07:09:04,2020-06-17 14:47:05
437,nalleye,vtvcanal8,196,2020-06-17 07:09:04,2020-06-17 14:47:05
438,nalleye,presentes_docu,196,2020-06-17 07:09:04,2020-06-17 14:47:05
439,nalleye,redeuropave,196,2020-06-17 07:09:04,2020-06-17 14:47:05
440,nalleye,telesurtv,196,2020-06-17 07:09:04,2020-06-17 14:47:05
441,sudamericarugby,dmagno89,197,2020-06-17 07:10:19,2020-06-17 14:47:05
442,sudamericarugby,hou_sabercats,197,2020-06-17 07:10:19,2020-06-17 14:47:05
443,sudamericarugby,terosxv,197,2020-06-17 07:10:19,2020-06-17 14:47:05
444,sudamericarugby,mvccuy,197,2020-06-17 07:10:19,2020-06-17 14:47:05
445,pedrohmendez1,buquebus_ar,198,2020-06-17 07:12:21,2020-06-17 14:47:05
446,rugbyuruguay,hou_sabercats,199,2020-06-17 07:14:42,2020-06-17 14:47:05
447,rugbyuruguay,terosxv,199,2020-06-17 07:14:42,2020-06-17 14:47:05
448,rugbyuruguay,mvccuy,199,2020-06-17 07:14:42,2020-06-17 14:47:05
449,rugbyuruguay,dmagno89,199,2020-06-17 07:14:42,2020-06-17 14:47:05
450,lachy77,almagro_oea2015,200,2020-06-17 07:15:06,2020-06-17 14:47:05
451,florecitavanden,sup_uruguay,201,2020-06-17 07:19:29,2020-06-17 14:47:05
452,cnnradiorosario,chapoduran,202,2020-06-17 07:20:57,2020-06-17 14:47:05
453,caninator,redeuropave,203,2020-06-17 07:24:08,2020-06-17 14:47:05
454,caninator,vtvcanal8,203,2020-06-17 07:24:08,2020-06-17 14:47:05
455,caninator,telesurtv,203,2020-06-17 07:24:08,2020-06-17 14:47:05
456,caninator,juventudpsuv,203,2020-06-17 07:24:08,2020-06-17 14:47:05
457,caninator,presentes_docu,203,2020-06-17 07:24:08,2020-06-17 14:47:05
458,lulalibreznbsas,redeuropave,204,2020-06-17 07:24:22,2020-06-17 14:47:05
459,lulalibreznbsas,telesurtv,204,2020-06-17 07:24:22,2020-06-17 14:47:05
460,lulalibreznbsas,juventudpsuv,204,2020-06-17 07:24:22,2020-06-17 14:47:05
461,lulalibreznbsas,vtvcanal8,204,2020-06-17 07:24:22,2020-06-17 14:47:05
462,lulalibreznbsas,presentes_docu,204,2020-06-17 07:24:22,2020-06-17 14:47:05
463,maggiebu1,lajeantonio,205,2020-06-17 07:26:32,2020-06-17 14:47:05
464,mayaro1,ivansasovsky,206,2020-06-17 07:27:01,2020-06-17 14:47:05
465,mayaro1,iprofesional,206,2020-06-17 07:27:01,2020-06-17 14:47:05
466,beatrizdavyt,ernesto_talvi,207,2020-06-17 07:27:15,2020-06-17 14:47:05
467,beatrizdavyt,luislacallepou,207,2020-06-17 07:27:15,2020-06-17 14:47:05
468,silviamende5,almagro_oea2015,208,2020-06-17 07:28:49,2020-06-17 14:47:05
469,lezaky,vtvcanal8,209,2020-06-17 07:29:38,2020-06-17 14:47:05
470,lezaky,presentes_docu,209,2020-06-17 07:29:38,2020-06-17 14:47:05
471,lezaky,redeuropave,209,2020-06-17 07:29:38,2020-06-17 14:47:05
472,lezaky,telesurtv,209,2020-06-17 07:29:38,2020-06-17 14:47:05
473,lezaky,juventudpsuv,209,2020-06-17 07:29:38,2020-06-17 14:47:05
474,noeliapedraza7,almagro_oea2015,210,2020-06-17 07:34:01,2020-06-17 14:47:05
475,d__calero,vtvnoticiasuy,211,2020-06-17 07:34:34,2020-06-17 14:47:05
476,d__calero,vtvuruguay,211,2020-06-17 07:34:34,2020-06-17 14:47:05
477,doubleese,googleactivate,212,2020-06-17 07:37:46,2020-06-17 14:47:05
478,doubleese,sexosinsecretos,212,2020-06-17 07:37:46,2020-06-17 14:47:05
479,carmen197713,chapoduran,213,2020-06-17 07:39:20,2020-06-17 14:47:05
480,ladrinegrita,clarafescudero,214,2020-06-17 07:39:42,2020-06-17 14:47:05
481,diegoruete,faouruguay,215,2020-06-17 07:40:18,2020-06-17 14:47:05
482,diegoruete,vicenteplatafao,215,2020-06-17 07:40:18,2020-06-17 14:47:05
483,isbelioacosta,redeuropave,216,2020-06-17 07:41:36,2020-06-17 14:47:05
484,isbelioacosta,telesurtv,216,2020-06-17 07:41:36,2020-06-17 14:47:05
485,isbelioacosta,juventudpsuv,216,2020-06-17 07:41:36,2020-06-17 14:47:05
486,isbelioacosta,vtvcanal8,216,2020-06-17 07:41:36,2020-06-17 14:47:05
487,isbelioacosta,presentes_docu,216,2020-06-17 07:41:36,2020-06-17 14:47:05
488,iacaetano,sujetosuy,217,2020-06-17 07:44:22,2020-06-17 14:47:05
489,diariodecuba,cyrus_kuba,218,2020-06-17 07:44:31,2020-06-17 14:47:05
490,lt9lider,aledebarbieri,219,2020-06-17 07:47:27,2020-06-17 14:47:05
491,lt9lider,aledebarbieri,220,2020-06-17 07:48:11,2020-06-17 14:47:05
492,lt9lider,aledebarbieri,221,2020-06-17 07:49:14,2020-06-17 14:47:05
493,lt9lider,aledebarbieri,222,2020-06-17 07:49:35,2020-06-17 14:47:05
494,fcasaluy,standard_rscl,223,2020-06-17 07:52:29,2020-06-17 14:47:05
495,fcasaluy,proleaguebe,223,2020-06-17 07:52:29,2020-06-17 14:47:05
496,fcasaluy,jpleaguefr,223,2020-06-17 07:52:29,2020-06-17 14:47:05
497,8strellas,vtvcanal8,224,2020-06-17 07:53:42,2020-06-17 14:47:05
498,8strellas,telesurtv,224,2020-06-17 07:53:42,2020-06-17 14:47:05
499,8strellas,juventudpsuv,224,2020-06-17 07:53:42,2020-06-17 14:47:05
500,8strellas,presentes_docu,224,2020-06-17 07:53:42,2020-06-17 14:47:05
501,8strellas,redeuropave,224,2020-06-17 07:53:42,2020-06-17 14:47:05
502,arestop,ernesto_talvi,225,2020-06-17 07:53:43,2020-06-17 14:47:05
503,arestop,cyrus_kuba,225,2020-06-17 07:53:43,2020-06-17 14:47:05
504,arestop,cyrus_kuba,226,2020-06-17 07:53:59,2020-06-17 14:47:05
505,arestop,ernesto_talvi,226,2020-06-17 07:53:59,2020-06-17 14:47:05
506,dmagno89,terosxv,227,2020-06-17 07:56:53,2020-06-17 14:47:05
507,dmagno89,mvccuy,227,2020-06-17 07:56:53,2020-06-17 14:47:05
508,dmagno89,dmagno89,227,2020-06-17 07:56:53,2020-06-17 14:47:05
509,dmagno89,hou_sabercats,227,2020-06-17 07:56:53,2020-06-17 14:47:05
510,caliimma,telesurtv,228,2020-06-17 07:57:55,2020-06-17 14:47:05
511,caliimma,juventudpsuv,228,2020-06-17 07:57:55,2020-06-17 14:47:05
512,caliimma,presentes_docu,228,2020-06-17 07:57:55,2020-06-17 14:47:05
513,caliimma,redeuropave,228,2020-06-17 07:57:55,2020-06-17 14:47:05
514,caliimma,vtvcanal8,228,2020-06-17 07:57:55,2020-06-17 14:47:05
515,ramonra85539197,cyrus_kuba,229,2020-06-17 08:03:45,2020-06-17 14:47:05
516,raquel_botana,vtvnoticiasuy,230,2020-06-17 08:07:32,2020-06-17 14:47:05
517,raquel_botana,vtvuruguay,230,2020-06-17 08:07:32,2020-06-17 14:47:05
518,carmen197713,arqm80,231,2020-06-17 08:09:54,2020-06-17 14:47:05
519,carmen197713,931_fm,231,2020-06-17 08:09:54,2020-06-17 14:47:05
520,jaimeclara,delicatessenuy,232,2020-06-17 08:10:47,2020-06-17 14:47:05
521,somosmasuruguay,cyrus_kuba,233,2020-06-17 08:11:10,2020-06-17 14:47:05
522,danisilla2,jpleaguefr,234,2020-06-17 08:13:48,2020-06-17 14:47:05
523,danisilla2,standard_rscl,234,2020-06-17 08:13:48,2020-06-17 14:47:05
524,danisilla2,proleaguebe,234,2020-06-17 08:13:48,2020-06-17 14:47:05
525,marcossotouy,infouy,235,2020-06-17 08:14:27,2020-06-17 14:47:05
526,marcossotouy,mgonzalez_ok,235,2020-06-17 08:14:27,2020-06-17 14:47:05
527,931_fm,arqm80,236,2020-06-17 08:16:50,2020-06-17 14:47:05
528,931_fm,931_fm,236,2020-06-17 08:16:50,2020-06-17 14:47:05
529,norahlfy,crlitvin,237,2020-06-17 08:18:22,2020-06-17 14:47:05
530,marcossotouy,elpaisuy,238,2020-06-17 08:18:26,2020-06-17 14:47:05
531,dipouy,elpaisuy,239,2020-06-17 08:20:17,2020-06-17 14:47:05
532,jbatki,sup_uruguay,240,2020-06-17 08:21:56,2020-06-17 14:47:05
533,aledebarbieri,aledebarbieri,241,2020-06-17 08:22:37,2020-06-17 14:47:05
534,gtpintado,meriparrado,242,2020-06-17 08:22:42,2020-06-17 14:47:05
535,gtpintado,carasycaretasuy,242,2020-06-17 08:22:42,2020-06-17 14:47:05
536,gtpintado,leagrille,242,2020-06-17 08:22:42,2020-06-17 14:47:05
537,gtpintado,ricardopose1,242,2020-06-17 08:22:42,2020-06-17 14:47:05
538,gtpintado,verocab,242,2020-06-17 08:22:42,2020-06-17 14:47:05
539,gtpintado,germanavilan,242,2020-06-17 08:22:42,2020-06-17 14:47:05
540,aledebarbieri,aledebarbieri,243,2020-06-17 08:22:45,2020-06-17 14:47:05
541,abenavidesgol1,proleaguebe,244,2020-06-17 08:24:40,2020-06-17 14:47:05
542,abenavidesgol1,jpleaguefr,244,2020-06-17 08:24:40,2020-06-17 14:47:05
543,abenavidesgol1,standard_rscl,244,2020-06-17 08:24:40,2020-06-17 14:47:05
544,guilhermeorto,jefersoncoronel,245,2020-06-17 08:25:19,2020-06-17 14:47:05
545,arqm80,931_fm,246,2020-06-17 08:33:01,2020-06-17 14:47:05
546,arqm80,arqm80,246,2020-06-17 08:33:01,2020-06-17 14:47:05
547,johacalderon11,proleaguebe,247,2020-06-17 08:34:43,2020-06-17 14:47:05
548,johacalderon11,jpleaguefr,247,2020-06-17 08:34:43,2020-06-17 14:47:05
549,johacalderon11,standard_rscl,247,2020-06-17 08:34:43,2020-06-17 14:47:05
550,puntosdvistarnu,luiscus,248,2020-06-17 08:42:04,2020-06-17 14:47:05
551,santitotorres,vtvnoticiasuy,249,2020-06-17 08:45:13,2020-06-17 14:47:05
552,santitotorres,vtvuruguay,249,2020-06-17 08:45:13,2020-06-17 14:47:05
553,crlitvin,luiscus,250,2020-06-17 08:46:04,2020-06-17 14:47:05
554,marco610117,delicatessenuy,250,2020-06-17 08:46:04,2020-06-17 14:47:05
555,luiscus,luiscus,251,2020-06-17 08:46:20,2020-06-17 14:47:05
556,msoleduarte,crlitvin,252,2020-06-17 08:49:43,2020-06-17 14:47:05
557,nipponjudo,judoinside,253,2020-06-17 08:55:00,2020-06-17 14:47:05
558,aliciaocaso1,antarticouy,254,2020-06-17 08:55:31,2020-06-17 14:47:05
559,luisedujacome,standard_rscl,255,2020-06-17 08:57:11,2020-06-17 14:47:05
560,luisedujacome,proleaguebe,255,2020-06-17 08:57:11,2020-06-17 14:47:05
561,luisedujacome,jpleaguefr,255,2020-06-17 08:57:11,2020-06-17 14:47:05
562,pdesantaana,sup_uruguay,256,2020-06-17 08:58:57,2020-06-17 14:47:05
563,blita_intl,gtsuruguay,257,2020-06-17 09:00:05,2020-06-17 14:47:05
564,quekorra1,quekorra1,258,2020-06-17 09:00:33,2020-06-17 14:47:05
565,silvio_ita_,vtvnoticiasuy,258,2020-06-17 09:00:33,2020-06-17 14:47:05
566,silvio_ita_,vtvuruguay,258,2020-06-17 09:00:33,2020-06-17 14:47:05
567,joseveril,ernesto_talvi,259,2020-06-17 09:01:32,2020-06-17 14:47:05
568,jaeson_vm,quekorra1,260,2020-06-17 09:01:44,2020-06-17 14:47:05
569,inito70,faouruguay,261,2020-06-17 09:02:26,2020-06-17 14:47:05
570,faouruguay,faouruguay,262,2020-06-17 09:08:24,2020-06-17 14:47:05
571,faouruguay,faoamericas,262,2020-06-17 09:08:24,2020-06-17 14:47:05
572,faouruguay,rubenfloresec,262,2020-06-17 09:08:24,2020-06-17 14:47:05
573,rmallarini,luiscus,263,2020-06-17 09:16:33,2020-06-17 14:47:05
574,clavijo_martin,frente_amplio,264,2020-06-17 09:21:36,2020-06-17 14:47:05
575,techouy,techouy,265,2020-06-17 09:22:47,2020-06-17 14:47:05
576,louvitabar,luiscus,266,2020-06-17 09:23:40,2020-06-17 14:47:05
577,aidafue98173627,frente_amplio,267,2020-06-17 09:27:41,2020-06-17 14:47:05
578,fraquechristian,techouy,268,2020-06-17 09:28:35,2020-06-17 14:47:05
579,impuestosye,u24noticias,269,2020-06-17 09:31:02,2020-06-17 14:47:05
580,impuestosye,crlitvin,269,2020-06-17 09:31:02,2020-06-17 14:47:05
581,gabypereirafaro,standard_rscl,270,2020-06-17 09:31:10,2020-06-17 14:47:05
582,gabypereirafaro,proleaguebe,270,2020-06-17 09:31:10,2020-06-17 14:47:05
583,gabypereirafaro,jpleaguefr,270,2020-06-17 09:31:10,2020-06-17 14:47:05
584,crlitvin,u24noticias,271,2020-06-17 09:31:31,2020-06-17 14:47:05
585,crlitvin,crlitvin,271,2020-06-17 09:31:31,2020-06-17 14:47:05
586,gaston_fodere,vtvnoticiasuy,272,2020-06-17 09:40:33,2020-06-17 14:47:05
587,gaston_fodere,vtvuruguay,272,2020-06-17 09:40:33,2020-06-17 14:47:05
588,sugoi66,sugoi66,273,2020-06-17 09:42:24,2020-06-17 14:47:05
589,sofia14085316,sup_uruguay,274,2020-06-17 09:43:54,2020-06-17 14:47:05
590,paulagarat,brumcostaabgs,275,2020-06-17 09:51:10,2020-06-17 14:47:05
591,paulagarat,leoturf,275,2020-06-17 09:51:10,2020-06-17 14:47:05
592,uyderecho,brumcostaabgs,276,2020-06-17 09:52:00,2020-06-17 14:47:05
593,uyderecho,leoturf,276,2020-06-17 09:52:00,2020-06-17 14:47:05
594,dorkalobaton,panampost_es,277,2020-06-17 09:55:15,2020-06-17 14:47:05
595,brumcostaabgs,brumcostaabgs,278,2020-06-17 09:58:35,2020-06-17 14:47:05
596,brumcostaabgs,leoturf,278,2020-06-17 09:58:35,2020-06-17 14:47:05
597,leoturf,brumcostaabgs,279,2020-06-17 10:01:14,2020-06-17 14:47:05
598,leoturf,leoturf,279,2020-06-17 10:01:14,2020-06-17 14:47:05
599,ar1reforma,crlitvin,280,2020-06-17 10:14:24,2020-06-17 14:47:05
600,ar1reforma,u24noticias,280,2020-06-17 10:14:24,2020-06-17 14:47:05
601,jaeldelaluz1,elecodigitaluy,281,2020-06-17 10:15:54,2020-06-17 14:47:05
602,2020impuestos,u24noticias,282,2020-06-17 10:21:34,2020-06-17 14:47:05
603,2020impuestos,crlitvin,282,2020-06-17 10:21:34,2020-06-17 14:47:05
604,calulo,rubenfloresec,283,2020-06-17 10:23:36,2020-06-17 14:47:05
605,calulo,faouruguay,283,2020-06-17 10:23:36,2020-06-17 14:47:05
606,calulo,faoamericas,283,2020-06-17 10:23:36,2020-06-17 14:47:05
607,calulo,vicenteplatafao,284,2020-06-17 10:25:31,2020-06-17 14:47:05
608,calulo,faouruguay,284,2020-06-17 10:25:31,2020-06-17 14:47:05
609,pabloalfano,luiscus,285,2020-06-17 10:28:30,2020-06-17 14:47:05
610,castronovokoch,u24noticias,286,2020-06-17 10:35:19,2020-06-17 14:47:05
611,castronovokoch,crlitvin,286,2020-06-17 10:35:19,2020-06-17 14:47:05
612,presentes_docu,redeuropave,287,2020-06-17 10:39:54,2020-06-17 14:47:05
613,presentes_docu,telesurtv,287,2020-06-17 10:39:54,2020-06-17 14:47:05
614,presentes_docu,juventudpsuv,287,2020-06-17 10:39:54,2020-06-17 14:47:05
615,presentes_docu,vtvcanal8,287,2020-06-17 10:39:54,2020-06-17 14:47:05
616,presentes_docu,presentes_docu,287,2020-06-17 10:39:54,2020-06-17 14:47:05
617,jam250363,juventudpsuv,288,2020-06-17 10:43:34,2020-06-17 14:47:05
618,jam250363,vtvcanal8,288,2020-06-17 10:43:34,2020-06-17 14:47:05
619,jam250363,presentes_docu,288,2020-06-17 10:43:34,2020-06-17 14:47:05
620,jam250363,redeuropave,288,2020-06-17 10:43:34,2020-06-17 14:47:05
621,jam250363,telesurtv,288,2020-06-17 10:43:34,2020-06-17 14:47:05
622,carefrance,lacgtcommunique,289,2020-06-17 10:43:59,2020-06-17 14:47:05
623,carefrance,oit,289,2020-06-17 10:43:59,2020-06-17 14:47:05
624,carefrance,pso_actionaid,289,2020-06-17 10:43:59,2020-06-17 14:47:05
625,sebaibarra1983,verocab,290,2020-06-17 10:45:57,2020-06-17 14:47:05
626,sebaibarra1983,germanavilan,290,2020-06-17 10:45:57,2020-06-17 14:47:05
627,sebaibarra1983,meriparrado,290,2020-06-17 10:45:57,2020-06-17 14:47:05
628,sebaibarra1983,carasycaretasuy,290,2020-06-17 10:45:57,2020-06-17 14:47:05
629,sebaibarra1983,leagrille,290,2020-06-17 10:45:57,2020-06-17 14:47:05
630,sebaibarra1983,ricardopose1,290,2020-06-17 10:45:57,2020-06-17 14:47:05
631,eltrompa2785,delicatessenuy,291,2020-06-17 10:48:32,2020-06-17 14:47:05
632,salvatorecaro,proleaguebe,292,2020-06-17 10:49:54,2020-06-17 14:47:05
633,salvatorecaro,jpleaguefr,292,2020-06-17 10:49:54,2020-06-17 14:47:05
634,salvatorecaro,standard_rscl,292,2020-06-17 10:49:54,2020-06-17 14:47:05
635,maria78817886,leocipriani20,293,2020-06-17 10:52:24,2020-06-17 14:47:05
636,maria78817886,assecomunica,293,2020-06-17 10:52:24,2020-06-17 14:47:05
637,maria78817886,tartagliaestefa,293,2020-06-17 10:52:24,2020-06-17 14:47:05
638,uniamericas,uniglobalunion,294,2020-06-17 10:53:38,2020-06-17 14:47:05
639,uniamericas,uni_women,294,2020-06-17 10:53:38,2020-06-17 14:47:05
640,uniamericas,kathyg0429,294,2020-06-17 10:53:38,2020-06-17 14:47:05
641,uniamericas,marcio_monzane,294,2020-06-17 10:53:38,2020-06-17 14:47:05
642,cyrus_kuba,cyrus_kuba,295,2020-06-17 10:54:17,2020-06-17 14:47:05
643,acebnacional,uniglobalunion,296,2020-06-17 10:55:33,2020-06-17 14:47:05
644,acebnacional,uni_women,296,2020-06-17 10:55:33,2020-06-17 14:47:05
645,acebnacional,kathyg0429,296,2020-06-17 10:55:33,2020-06-17 14:47:05
646,acebnacional,marcio_monzane,296,2020-06-17 10:55:33,2020-06-17 14:47:05
647,sebasagus,laurentlazard1,297,2020-06-17 10:55:58,2020-06-17 14:47:05
648,tavooiivera,marcio_monzane,298,2020-06-17 10:58:04,2020-06-17 14:47:05
649,tavooiivera,uniglobalunion,298,2020-06-17 10:58:04,2020-06-17 14:47:05
650,tavooiivera,uni_women,298,2020-06-17 10:58:04,2020-06-17 14:47:05
651,tavooiivera,kathyg0429,298,2020-06-17 10:58:04,2020-06-17 14:47:05
652,superalitita,u24noticias,299,2020-06-17 11:01:21,2020-06-17 14:47:05
653,superalitita,crlitvin,299,2020-06-17 11:01:21,2020-06-17 14:47:05
654,alansableuni,marcio_monzane,300,2020-06-17 11:04:06,2020-06-17 14:47:05
655,alansableuni,uniglobalunion,300,2020-06-17 11:04:06,2020-06-17 14:47:05
656,alansableuni,uni_women,300,2020-06-17 11:04:06,2020-06-17 14:47:05
657,alansableuni,kathyg0429,300,2020-06-17 11:04:06,2020-06-17 14:47:05
658,csfabbiani,vtvnoticiasuy,301,2020-06-17 11:06:44,2020-06-17 14:47:05
659,csfabbiani,vtvuruguay,301,2020-06-17 11:06:44,2020-06-17 14:47:05
660,luisorsino,uni_women,302,2020-06-17 11:08:38,2020-06-17 14:47:05
661,luisorsino,kathyg0429,302,2020-06-17 11:08:38,2020-06-17 14:47:05
662,luisorsino,marcio_monzane,302,2020-06-17 11:08:38,2020-06-17 14:47:05
663,luisorsino,uniglobalunion,302,2020-06-17 11:08:38,2020-06-17 14:47:05
664,dakarbot,laurentlazard1,303,2020-06-17 11:09:27,2020-06-17 14:47:05
665,uniamericas,kathyg0429,304,2020-06-17 11:09:48,2020-06-17 14:47:05
666,uniamericas,marcio_monzane,304,2020-06-17 11:09:48,2020-06-17 14:47:05
667,uniamericas,uniglobalunion,304,2020-06-17 11:09:48,2020-06-17 14:47:05
668,uniamericas,uni_women,304,2020-06-17 11:09:48,2020-06-17 14:47:05
669,uniamericas,veronicauni,304,2020-06-17 11:09:48,2020-06-17 14:47:05
670,acercaciencia,anfibioscoana,305,2020-06-17 11:10:00,2020-06-17 14:47:05
671,ciencias_chile,anfibioscoana,306,2020-06-17 11:10:51,2020-06-17 14:47:05
672,diegowassner,anfibioscoana,307,2020-06-17 11:11:48,2020-06-17 14:47:05
673,siul2025,cyrus_kuba,308,2020-06-17 11:13:51,2020-06-17 14:47:05
674,adriantomasina,galicia_casa,309,2020-06-17 11:13:55,2020-06-17 14:47:05
675,mlarga,uniglobalunion,310,2020-06-17 11:15:10,2020-06-17 14:47:05
676,mlarga,uni_women,310,2020-06-17 11:15:10,2020-06-17 14:47:05
677,mlarga,kathyg0429,310,2020-06-17 11:15:10,2020-06-17 14:47:05
678,mlarga,marcio_monzane,310,2020-06-17 11:15:10,2020-06-17 14:47:05
679,femeninared,cyrus_kuba,311,2020-06-17 11:17:22,2020-06-17 14:47:05
680,tamminenjuha,_hugodeleon,312,2020-06-17 11:22:14,2020-06-17 14:47:05
681,hugh2011,_hugodeleon,313,2020-06-17 11:22:57,2020-06-17 14:47:05
682,mahur05,ricardopose1,314,2020-06-17 11:23:31,2020-06-17 14:47:05
683,mahur05,verocab,314,2020-06-17 11:23:31,2020-06-17 14:47:05
684,mahur05,germanavilan,314,2020-06-17 11:23:31,2020-06-17 14:47:05
685,mahur05,meriparrado,314,2020-06-17 11:23:31,2020-06-17 14:47:05
686,mahur05,carasycaretasuy,314,2020-06-17 11:23:31,2020-06-17 14:47:05
687,mahur05,leagrille,314,2020-06-17 11:23:31,2020-06-17 14:47:05
688,colorgallego,_hugodeleon,315,2020-06-17 11:23:47,2020-06-17 14:47:05
689,hessrafael,_hugodeleon,316,2020-06-17 11:23:54,2020-06-17 14:47:05
690,1javiera,galicia_casa,317,2020-06-17 11:24:26,2020-06-17 14:47:05
691,justicierotrico,_hugodeleon,318,2020-06-17 11:24:56,2020-06-17 14:47:05
692,ftblsm,_hugodeleon,319,2020-06-17 11:26:54,2020-06-17 14:47:05
693,bibloterapias,antarticouy,320,2020-06-17 11:27:20,2020-06-17 14:47:05
694,tinostezano,_hugodeleon,321,2020-06-17 11:30:35,2020-06-17 14:47:05
695,jorgeottati,clubmalvin,322,2020-06-17 11:30:37,2020-06-17 14:47:05
696,marcio_monzane,kathyg0429,323,2020-06-17 11:34:50,2020-06-17 14:47:05
697,marcio_monzane,veronicauni,323,2020-06-17 11:34:50,2020-06-17 14:47:05
698,marcio_monzane,marcio_monzane,323,2020-06-17 11:34:50,2020-06-17 14:47:05
699,marcio_monzane,uniglobalunion,323,2020-06-17 11:34:50,2020-06-17 14:47:05
700,marcio_monzane,uni_women,323,2020-06-17 11:34:50,2020-06-17 14:47:05
701,marcio_monzane,marcio_monzane,324,2020-06-17 11:35:06,2020-06-17 14:47:05
702,marcio_monzane,uniglobalunion,324,2020-06-17 11:35:06,2020-06-17 14:47:05
703,marcio_monzane,uni_women,324,2020-06-17 11:35:06,2020-06-17 14:47:05
704,marcio_monzane,kathyg0429,324,2020-06-17 11:35:06,2020-06-17 14:47:05
705,veronicauni,veronicauni,325,2020-06-17 11:36:02,2020-06-17 14:47:05
706,veronicauni,marcio_monzane,325,2020-06-17 11:36:02,2020-06-17 14:47:05
707,veronicauni,uniglobalunion,325,2020-06-17 11:36:02,2020-06-17 14:47:05
708,veronicauni,uni_women,325,2020-06-17 11:36:02,2020-06-17 14:47:05
709,veronicauni,kathyg0429,325,2020-06-17 11:36:02,2020-06-17 14:47:05
710,sophiechst,lacgtcommunique,326,2020-06-17 11:39:18,2020-06-17 14:47:05
711,sophiechst,oit,326,2020-06-17 11:39:18,2020-06-17 14:47:05
712,sophiechst,pso_actionaid,326,2020-06-17 11:39:18,2020-06-17 14:47:05
713,2kbsoluciones,2kb,327,2020-06-17 11:41:40,2020-06-17 14:47:05
714,sebasagus,laurentlazard1,328,2020-06-17 11:43:34,2020-06-17 14:47:05
715,sebasagus,masterchef_uy,328,2020-06-17 11:43:34,2020-06-17 14:47:05
716,monteiro28_,_hugodeleon,329,2020-06-17 11:43:44,2020-06-17 14:47:05
717,lisickilitvin,crlitvin,330,2020-06-17 11:47:19,2020-06-17 14:47:05
718,lisickilitvin,iprofesional,330,2020-06-17 11:47:19,2020-06-17 14:47:05
719,laurentlazard1,masterchef_uy,331,2020-06-17 11:48:27,2020-06-17 14:47:05
720,laurentlazard1,laurentlazard1,331,2020-06-17 11:48:27,2020-06-17 14:47:05
721,licbetty2,iprofesional,332,2020-06-17 11:49:19,2020-06-17 14:47:05
722,licbetty2,crlitvin,332,2020-06-17 11:49:19,2020-06-17 14:47:05
723,mamartineznica,almagro_oea2015,333,2020-06-17 11:55:43,2020-06-17 14:47:05
724,mamartineznica,europarl_es,333,2020-06-17 11:55:43,2020-06-17 14:47:05
725,mamartineznica,caricomorg,333,2020-06-17 11:55:43,2020-06-17 14:47:05
726,ambientalist,agendacaf,334,2020-06-17 11:56:42,2020-06-17 14:47:05
727,ar1reforma,luiscus,335,2020-06-17 11:58:24,2020-06-17 14:47:05
728,framis74,_hugodeleon,336,2020-06-17 11:58:36,2020-06-17 14:47:05
729,gabriel55277263,argentina,337,2020-06-17 11:58:51,2020-06-17 14:47:05
730,derechofiscal2,u24noticias,338,2020-06-17 11:58:57,2020-06-17 14:47:05
731,derechofiscal2,crlitvin,338,2020-06-17 11:58:57,2020-06-17 14:47:05
732,impuestosye,carloslamiral,339,2020-06-17 12:08:07,2020-06-17 14:47:05
733,pinkyesmeralda,carloslamiral,340,2020-06-17 12:09:00,2020-06-17 14:47:05
734,dakarbot,laurentlazard1,341,2020-06-17 12:09:29,2020-06-17 14:47:05
735,dakarbot,masterchef_uy,341,2020-06-17 12:09:29,2020-06-17 14:47:05
736,big_mama86,standard_rscl,342,2020-06-17 12:10:04,2020-06-17 14:47:05
737,big_mama86,proleaguebe,342,2020-06-17 12:10:04,2020-06-17 14:47:05
738,big_mama86,jpleaguefr,342,2020-06-17 12:10:04,2020-06-17 14:47:05
739,2020impuestos,carloslamiral,343,2020-06-17 12:10:35,2020-06-17 14:47:05
740,diariodecuba,brunorguezp,344,2020-06-17 12:11:22,2020-06-17 14:47:05
741,diariodecuba,cyrus_kuba,344,2020-06-17 12:11:22,2020-06-17 14:47:05
742,antonym84693335,carloslamiral,345,2020-06-17 12:11:45,2020-06-17 14:47:05
743,antonym84693335,u24noticias,346,2020-06-17 12:13:04,2020-06-17 14:47:05
744,antonym84693335,crlitvin,346,2020-06-17 12:13:04,2020-06-17 14:47:05
745,machouruguayo22,argentina,347,2020-06-17 12:13:10,2020-06-17 14:47:05
746,machouruguayo22,alferdez,347,2020-06-17 12:13:10,2020-06-17 14:47:05
747,machouruguayo22,argentina,348,2020-06-17 12:13:21,2020-06-17 14:47:05
748,machouruguayo22,alferdez,348,2020-06-17 12:13:21,2020-06-17 14:47:05
749,machouruguayo22,argentina,349,2020-06-17 12:16:15,2020-06-17 14:47:05
750,machouruguayo22,alferdez,349,2020-06-17 12:16:15,2020-06-17 14:47:05
751,machouruguayo22,c5n,349,2020-06-17 12:16:15,2020-06-17 14:47:05
752,mamartineznica,opsomsnic,350,2020-06-17 12:17:40,2020-06-17 14:47:05
753,mamartineznica,europarl_es,350,2020-06-17 12:17:40,2020-06-17 14:47:05
754,mamartineznica,caricomorg,350,2020-06-17 12:17:40,2020-06-17 14:47:05
755,mamartineznica,aclamattor,350,2020-06-17 12:17:40,2020-06-17 14:47:05
756,mamartineznica,who,350,2020-06-17 12:17:40,2020-06-17 14:47:05
757,mamartineznica,opsoms,350,2020-06-17 12:17:40,2020-06-17 14:47:05
758,machouruguayo22,argentina,351,2020-06-17 12:17:50,2020-06-17 14:47:05
759,machouruguayo22,alferdez,351,2020-06-17 12:17:50,2020-06-17 14:47:05
760,machouruguayo22,c5n,351,2020-06-17 12:17:50,2020-06-17 14:47:05
761,bripaem,jorgekalo,352,2020-06-17 12:19:07,2020-06-17 14:47:05
762,bripaem,ebozeski,352,2020-06-17 12:19:07,2020-06-17 14:47:05
763,bripaem,beckeralcalde,352,2020-06-17 12:19:07,2020-06-17 14:47:05
764,impouruguay,tnutvpublica,353,2020-06-17 12:20:20,2020-06-17 14:47:05
765,impouruguay,parlamento_uy,353,2020-06-17 12:20:20,2020-06-17 14:47:05
766,norahlfy,carloslamiral,354,2020-06-17 12:20:36,2020-06-17 14:47:05
767,tnutvpublica,tnutvpublica,355,2020-06-17 12:28:39,2020-06-17 14:47:05
768,tnutvpublica,parlamento_uy,355,2020-06-17 12:28:39,2020-06-17 14:47:05
769,pauratto,marcio_monzane,356,2020-06-17 12:31:16,2020-06-17 14:47:05
770,pauratto,veronicauni,356,2020-06-17 12:31:16,2020-06-17 14:47:05
771,pauratto,uniglobalunion,356,2020-06-17 12:31:16,2020-06-17 14:47:05
772,pauratto,uni_women,356,2020-06-17 12:31:16,2020-06-17 14:47:05
773,pauratto,kathyg0429,356,2020-06-17 12:31:16,2020-06-17 14:47:05
774,cyrus_kuba,brunorguezp,357,2020-06-17 12:34:14,2020-06-17 14:47:05
775,cyrus_kuba,cyrus_kuba,357,2020-06-17 12:34:14,2020-06-17 14:47:05
776,siul2025,brunorguezp,358,2020-06-17 12:40:36,2020-06-17 14:47:05
777,siul2025,cyrus_kuba,358,2020-06-17 12:40:36,2020-06-17 14:47:05
778,trivia_worldcup,pele,359,2020-06-17 12:43:13,2020-06-17 14:47:05
779,jacobram95,pele,360,2020-06-17 12:43:34,2020-06-17 14:47:05
780,tr_copamundial,pele,361,2020-06-17 12:43:47,2020-06-17 14:47:05
781,gabriela11ok,carloslamiral,362,2020-06-17 12:44:18,2020-06-17 14:47:05
782,ottatisports,clubmalvin,363,2020-06-17 12:48:22,2020-06-17 14:47:05
783,cataurocubano,cyrus_kuba,364,2020-06-17 12:48:43,2020-06-17 14:47:05
784,cataurocubano,brunorguezp,364,2020-06-17 12:48:43,2020-06-17 14:47:05
785,luisjim27271457,pele,365,2020-06-17 12:50:25,2020-06-17 14:47:05
786,lucasdiegoedua1,pele,366,2020-06-17 12:51:19,2020-06-17 14:47:05
787,bettinagalo,ute_comcorp,367,2020-06-17 12:52:43,2020-06-17 14:47:05
788,pankie21,pele,368,2020-06-17 13:01:02,2020-06-17 14:47:05
789,daguito_27,pele,369,2020-06-17 13:03:01,2020-06-17 14:47:05
790,carlasandrin2,alferdez,370,2020-06-17 13:04:02,2020-06-17 14:47:05
791,carlasandrin2,angeldebritook,370,2020-06-17 13:04:02,2020-06-17 14:47:05
792,carlasandrin2,losangeles_ok,370,2020-06-17 13:04:02,2020-06-17 14:47:05
793,avelazquez98,pele,371,2020-06-17 13:07:40,2020-06-17 14:47:05
794,ladeportivaon,lt20radiojunin,372,2020-06-17 13:07:52,2020-06-17 14:47:05
795,ladeportivaon,argentino_junin,372,2020-06-17 13:07:52,2020-06-17 14:47:05
796,ladeportivaon,jonyslider,372,2020-06-17 13:07:52,2020-06-17 14:47:05
797,telesurtv,mateotelesur,373,2020-06-17 13:10:46,2020-06-17 14:47:05
798,william42754562,mateotelesur,374,2020-06-17 13:13:21,2020-06-17 14:47:05
799,vivo247ok,norbertosica,375,2020-06-17 13:13:29,2020-06-17 14:47:05
800,centercescos,universidadort,376,2020-06-17 13:15:43,2020-06-17 14:47:05
801,impuestosye,carloslamiral,377,2020-06-17 13:17:48,2020-06-17 14:47:05
802,marcosmirandaj1,pele,378,2020-06-17 13:25:21,2020-06-17 14:47:05
803,puntosdvistarnu,luislacallepou,379,2020-06-17 13:26:24,2020-06-17 14:47:05
804,puntosdvistarnu,mechadelpont,379,2020-06-17 13:26:24,2020-06-17 14:47:05
805,puntosdvistarnu,jafif_alcalde,379,2020-06-17 13:26:24,2020-06-17 14:47:05
806,puntosdvistarnu,crlitvin,379,2020-06-17 13:26:24,2020-06-17 14:47:05
807,puntosdvistarnu,alferdez,379,2020-06-17 13:26:24,2020-06-17 14:47:05
808,puntosdvistarnu,luiscus,379,2020-06-17 13:26:24,2020-06-17 14:47:05
809,puntosdvistarnu,bergsteinj,379,2020-06-17 13:26:24,2020-06-17 14:47:05
810,espartaco1956,mateotelesur,380,2020-06-17 13:26:29,2020-06-17 14:47:05
811,pierraineri,uni_women,381,2020-06-17 13:29:18,2020-06-17 14:47:05
812,pierraineri,kathyg0429,381,2020-06-17 13:29:18,2020-06-17 14:47:05
813,pierraineri,marcio_monzane,381,2020-06-17 13:29:18,2020-06-17 14:47:05
814,pierraineri,uniglobalunion,381,2020-06-17 13:29:18,2020-06-17 14:47:05
815,bervisleon17,mateotelesur,382,2020-06-17 13:29:38,2020-06-17 14:47:05
816,faochile,fao,383,2020-06-17 13:33:56,2020-06-17 14:47:05
817,faochile,opsoms,383,2020-06-17 13:33:56,2020-06-17 14:47:05
818,mcolista,alferdez,384,2020-06-17 13:34:33,2020-06-17 14:47:05
819,mcolista,crlitvin,384,2020-06-17 13:34:33,2020-06-17 14:47:05
820,mcolista,bergsteinj,384,2020-06-17 13:34:33,2020-06-17 14:47:05
821,mcolista,luislacallepou,384,2020-06-17 13:34:33,2020-06-17 14:47:05
822,mcolista,mechadelpont,384,2020-06-17 13:34:33,2020-06-17 14:47:05
823,mcolista,luiscus,384,2020-06-17 13:34:33,2020-06-17 14:47:05
824,mcolista,jafif_alcalde,384,2020-06-17 13:34:33,2020-06-17 14:47:05
825,sebasagus,laurentlazard1,385,2020-06-17 13:35:08,2020-06-17 14:47:05
826,adolfo_orioli,latamairlines,386,2020-06-17 13:36:25,2020-06-17 14:47:05
827,henrynoboaa,luislacallepou,387,2020-06-17 13:38:26,2020-06-17 14:47:05
828,belengonf,techouy,388,2020-06-17 13:44:11,2020-06-17 14:47:05
829,ardiles1982,pele,389,2020-06-17 13:48:32,2020-06-17 14:47:05
830,alextm507,elarca507,390,2020-06-17 13:52:46,2020-06-17 14:47:05
831,alextm507,nathygonzalez7,390,2020-06-17 13:52:46,2020-06-17 14:47:05
832,lautaro_sandino,telesurtv,391,2020-06-17 13:54:15,2020-06-17 14:47:05
833,lautaro_sandino,juventudpsuv,391,2020-06-17 13:54:15,2020-06-17 14:47:05
834,lautaro_sandino,vtvcanal8,391,2020-06-17 13:54:15,2020-06-17 14:47:05
835,lautaro_sandino,presentes_docu,391,2020-06-17 13:54:15,2020-06-17 14:47:05
836,lautaro_sandino,redeuropave,391,2020-06-17 13:54:15,2020-06-17 14:47:05
837,elarca507,nathygonzalez7,392,2020-06-17 13:54:59,2020-06-17 14:47:05
838,elarca507,elarca507,392,2020-06-17 13:54:59,2020-06-17 14:47:05
839,alejoescalant10,mateotelesur,393,2020-06-17 13:55:06,2020-06-17 14:47:05
840,pedropisern,universidadort,394,2020-06-17 14:03:39,2020-06-17 14:47:05
841,micasillaeu,stradivarius,395,2020-06-17 14:10:24,2020-06-17 14:47:05
842,vigoajavier71,cyrus_kuba,396,2020-06-17 14:11:04,2020-06-17 14:47:05
843,2kbsoluciones,2kb,397,2020-06-17 14:11:35,2020-06-17 14:47:05
844,superalitita,carloslamiral,398,2020-06-17 14:12:27,2020-06-17 14:47:05
845,vivenesyannelys,mateotelesur,399,2020-06-17 14:19:22,2020-06-17 14:47:05
846,benitezc_jorge,pele,400,2020-06-17 14:19:39,2020-06-17 14:47:05
847,consultoriaytax,u24noticias,401,2020-06-17 14:20:34,2020-06-17 14:47:05
848,consultoriaytax,crlitvin,401,2020-06-17 14:20:34,2020-06-17 14:47:05
849,consultoriaytax,luiscus,402,2020-06-17 14:20:37,2020-06-17 14:47:05
850,natifrog,anfibioscoana,403,2020-06-17 14:23:49,2020-06-17 14:47:05
851,kaviedes99,pele,404,2020-06-17 14:24:54,2020-06-17 14:47:05
852,laflov,pele,405,2020-06-17 14:34:04,2020-06-17 14:47:05
853,pepegrau,pele,406,2020-06-17 14:38:09,2020-06-17 14:47:05
854,msena31,5rtvsf,407,2020-06-17 14:39:24,2020-06-17 14:47:05
855,msena31,mjuanro,407,2020-06-17 14:39:24,2020-06-17 14:47:05
856,msena31,carfestivales,407,2020-06-17 14:39:24,2020-06-17 14:47:05
857,msena31,abrazosdeagua,407,2020-06-17 14:39:24,2020-06-17 14:47:05
858,jorge83522532,vtvnoticiasuy,408,2020-06-17 14:42:11,2020-06-17 14:47:05
859,jorge83522532,vtvuruguay,408,2020-06-17 14:42:11,2020-06-17 14:47:05
860,nancy121262,mateotelesur,409,2020-06-17 14:46:23,2020-06-17 14:47:05
861,ntrav99,pele,410,2020-06-17 14:47:05,2020-06-17 14:47:05
